id,title,by,score,type,time,hour,title_length
13960001,Os iPhone 7 e iPhone 7 Plus na cor vermelha começaram a ser vendidos no Brasil,PauloRocha,1,story,1970-01-01 00:00:01.490522812,0,78
13960019,60+ Best WordPress Restaurant and Cafe Themes 2014,designsave,1,story,1970-01-01 00:00:01.490523227,0,50
13960034,CEH v9 Course and Tools,metin-konrad,1,story,1970-01-01 00:00:01.490523620,0,23
13960064,Follow one for success,Snehanuha,1,story,1970-01-01 00:00:01.490524349,0,22
13960065,Human thought,Snehanuha,1,story,1970-01-01 00:00:01.490524380,0,13
13960080,"Loving Yourself, and Embracing Your Own Beauty",ykinlock,1,story,1970-01-01 00:00:01.490524726,0,46
13960103,The Seven Wonders of the Coding World,enrico50,1,story,1970-01-01 00:00:01.490525299,0,37
13960207,"Integer Performance Comparison for C++, C#, Delphi",srcstorm,1,story,1970-01-01 00:00:01.490527327,0,50
13960240,نقل عفش ارخص شركات نقل العفش,fxcenturymaddi,1,story,1970-01-01 00:00:01.490527875,0,28
13960259,Watch Deception 2008 Online – Free Movies,catfights,1,story,1970-01-01 00:00:01.490528130,0,41
13960277,German slut,indi23,1,story,1970-01-01 00:00:01.490528534,0,11
13960296,The elephant in the room,kruse-tim,1,story,1970-01-01 00:00:01.490528777,0,24
13960306,EURUSD: Bullish with Eyes on Key Resistance,FXTechstrategyt,1,story,1970-01-01 00:00:01.490528866,0,43
13960323,Supreme Court Printer Cartridge Case,hackbinary,1,story,1970-01-01 00:00:01.490529178,0,36
13960341,Opencv python drone – mark a person to be tracked with an object,omoser,1,story,1970-01-01 00:00:01.490529623,0,64
13960452,List of Syscall Implemented in Windows Subsystem for Linux,rarescruceat,1,story,1970-01-01 00:00:01.490531901,0,58
13960533,ESCORT ANASTASIYA – escorts| athens escorts |call girls,goldendiamond11,1,story,1970-01-01 00:00:01.490533060,0,55
13960582,Uber Group’s Visit to Seoul Escort Bar Sparked HR Complaint,dvdhnt,2,story,1970-01-01 00:00:01.490533704,0,59
13960603,Are+Robots+Killing+the+American+Dream?,mhmt33,1,story,1970-01-01 00:00:01.490534001,0,38
13960680,Stampin'+Up+PP336+Moon+Baby,treasstrokes,1,story,1970-01-01 00:00:01.490534930,0,27
13960747,Pros and Cons of Twig vs. Smarty Web Templates,james_tano,1,story,1970-01-01 00:00:01.490535898,0,46
13960756,Show HN: CipherBoard iOS Keyboard end-to-end encryption for any app or web,cipherboard,1,story,1970-01-01 00:00:01.490536025,0,74
13960780,The Black Swan: How to Maximize Opportunities for Life-Changing Events,seankim53,1,story,1970-01-01 00:00:01.490536345,0,70
13960801,Cyberlink PowerDVD 17 Ultra and Keygen {100% Working and Tested},zeshirockx,1,story,1970-01-01 00:00:01.490536674,0,64
13960842,What Raises My Risk of Having a Stroke?,diabetesgenetic,1,story,1970-01-01 00:00:01.490537270,0,39
13960872,6 Reasons Why the Google Leaders Were an Exception,martyzwilling,1,story,1970-01-01 00:00:01.490537731,0,50
13960911,How to center multiline content inside DIV using CSS (horizontal and vertical),drugget,2,story,1970-01-01 00:00:01.490538283,0,78
13961042,Samsung is risking a lot by overselling AI assistant Bixby,Charles_Oloyede,1,story,1970-01-01 00:00:01.490539784,0,58
13961072,I Loved My Grandmother. But She Was a Nazi,daegloe,19,story,1970-01-01 00:00:01.490540094,0,42
13961087,Metasploit Pro Version,rudi-rau,1,story,1970-01-01 00:00:01.490540297,0,22
13961092,How a maker makes coffee,lucapinello,1,story,1970-01-01 00:00:01.490540377,0,24
13961099,SecureDrop and Alexandre Oliva Are 2016 Free Software Awards Winners,juliane-sander,1,story,1970-01-01 00:00:01.490540421,0,68
13961133,This major feature makes its official comeback on WhatsApp,ZaarkTech,1,story,1970-01-01 00:00:01.490540793,0,58
13961139,Where Do You Stand on the Yin and Yang of Different Bitcoin Ideologies?,posternut,1,story,1970-01-01 00:00:01.490540900,0,71
13961143,Lil' Fairy Door,Kidton,1,story,1970-01-01 00:00:01.490540913,0,15
13961152,Why Bixby Will Be the Star of the Samsung Galaxy S8,jakekovoor,1,story,1970-01-01 00:00:01.490541040,0,51
13961200,Cloud offerings free tier – Amazon vs. Google,nfrankel,1,story,1970-01-01 00:00:01.490541650,0,45
13961204,Time to Upgrade to SAP BPC Version 10,sryitsolutions,1,story,1970-01-01 00:00:01.490541699,0,37
13961237,Ask HN: What are the process to build a web app?,pygix,1,story,1970-01-01 00:00:01.490542056,0,48
13961311,"Abortion Is Murder (Available on ITunes By, Evon Latrail)",kids_book,1,story,1970-01-01 00:00:01.490543044,0,57
13961346,مباراة المانيا واذربيجان بث مباشر,newtodaynews,1,story,1970-01-01 00:00:01.490543436,0,33
13961352,The Two ID Problem,schiller-silvio,1,story,1970-01-01 00:00:01.490543538,0,18
13961373,Bookmarklets Made My Life Easier,albert-helmuth,1,story,1970-01-01 00:00:01.490543777,0,32
13961375,Full Page NYTimes Ad Calls Out the Senate on #BroadbandPrivacy,rasengan,6,story,1970-01-01 00:00:01.490543789,0,62
13961394,Reduced AutoMapper- Auto-Map Objects 180% Faster,aangelov,1,story,1970-01-01 00:00:01.490544010,0,48
13961449,19luk Gerçek Resimli Çıtır Avrupa Yakası Escort Ezgi,PorazWeb,1,story,1970-01-01 00:00:01.490544792,0,52
13961459,Open SVG Files as Editable Vector Layers in Photoshop,TobyGiacometti,1,story,1970-01-01 00:00:01.490544943,0,53
13961467,"Why Business Development? Finally, a Clear Definition",dave_bcs,1,story,1970-01-01 00:00:01.490545021,0,53
13961475,"File Share, File Sharing, File Transfer, File Upload",quictransfer,1,story,1970-01-01 00:00:01.490545073,0,52
13961489,Advanced SystemCare 10.2.0.721 Crack and Serial Key Full,ranaali,1,story,1970-01-01 00:00:01.490545232,0,56
13961512,Best “Elephant Toothpaste” Experiment [video],superscigirl,1,story,1970-01-01 00:00:01.490545413,0,45
13961518,Golang Generics – a proposal with a lot of thumbs up,lnolte,1,story,1970-01-01 00:00:01.490545462,0,52
13961529,Here’s the Easiest Way to Buy Ether in USD (Even If You Live in New York),jrwit,1,story,1970-01-01 00:00:01.490545583,0,73
13961540,#HappyMothersDay- Why Mothers Are Special People,jeoworld,1,story,1970-01-01 00:00:01.490545738,0,48
13961552,President Trump and America’s National Nervous Breakdown,cdransf,1,story,1970-01-01 00:00:01.490545868,0,56
13961562,Medium launches memberships for $5 per month,DiabloD3,1,story,1970-01-01 00:00:01.490545927,0,44
13961617,3D Drawing – dragon ball Z,indi23,1,story,1970-01-01 00:00:01.490546546,0,26
13961699,Call for encryption ban pits Rudd against industry and colleagues,domenico34,1,story,1970-01-01 00:00:01.490547499,0,65
13961823,Brooklyn Psychiatrist,talha12345,1,story,1970-01-01 00:00:01.490548809,0,21
13961841,Frigidere noi si second-hand,csimion70,1,story,1970-01-01 00:00:01.490548995,0,28
13961849,A female Uber employee spoke out after a company trip to a Korean escort bar,uladzislau,3,story,1970-01-01 00:00:01.490549069,0,76
13961852,Chicken and dumplings Recipe,talha12345,1,story,1970-01-01 00:00:01.490549154,0,28
13961958,This chart depicts the AI explosion at Google over the years,rady93,10,story,1970-01-01 00:00:01.490550159,0,60
13962072,Add Google custom search on Blogger and increase Adsense revenue,coolanilshah,1,story,1970-01-01 00:00:01.490551119,0,64
13962137,Science Fiction as Prophecy,akkartik,1,story,1970-01-01 00:00:01.490551803,0,27
13962291,What to Do About Teen Sexual Violence,DrSheldon,1,story,1970-01-01 00:00:01.490553288,0,37
13962311,8 Great Ways to Improve Your Quarter-End Analysis,fuddu,1,story,1970-01-01 00:00:01.490553519,0,49
13962337,The internet is still actually controlled by 14 people who hold 7 secret keys,airsassociation,1,story,1970-01-01 00:00:01.490553746,0,77
13962338,These 10 Simple habits will make your life meaningful,blogcombi2,1,story,1970-01-01 00:00:01.490553761,0,53
13962343,Why Are Shell and Toyota Backing Hydrogen Fuel Cell Vehicles?,protomyth,1,story,1970-01-01 00:00:01.490553832,0,61
13962388,Smart Gadget That Helps Relax,Linktoblogs,1,story,1970-01-01 00:00:01.490554234,0,29
13962495,21 bot experts make their predictions for 2017,jg2009,1,story,1970-01-01 00:00:01.490555267,0,46
13962519,Let’s Start BrightScript – Part 3,andrei_bunea,1,story,1970-01-01 00:00:01.490555539,0,33
13962587,Building a Conversational Bot with JavaScript and Node.js,ghosh,1,story,1970-01-01 00:00:01.490556196,0,57
13962630,7 criteria for choosing a startup advisor,Charles_Oloyede,1,story,1970-01-01 00:00:01.490556502,0,41
13962719,Dragon Ball Super episode 84,ledoz,1,story,1970-01-01 00:00:01.490557212,0,28
13962768,R2B – the app that could save your life,r2bapp,1,story,1970-01-01 00:00:01.490557564,0,39
13962772,"Watch Dogs 2 CD Keygen (PS, Xbox, PC)",CheatHacker,1,story,1970-01-01 00:00:01.490557591,0,37
13962785,Hang loose,adventure_bug,1,story,1970-01-01 00:00:01.490557680,0,10
13962845,An Introduction to TypeScript for beginners,kruse-tim,1,story,1970-01-01 00:00:01.490558178,0,43
13962854,"Top 16 Machine Learning, Data Mining, and NLP Books",jahan,1,story,1970-01-01 00:00:01.490558252,0,51
13962900,21 Day Law of Attraction EBook,smashy,1,story,1970-01-01 00:00:01.490558645,0,30
13962927,Congolese hacks the best movies app ever,steve111,1,story,1970-01-01 00:00:01.490558904,0,40
13962945,StopFake – Опровержение фейков российской пропаганды,dkarapetyan,1,story,1970-01-01 00:00:01.490559029,0,52
13963040,Jin Rupanya Mengawini Anda Ini Tanda-Tandanya?,Wapmild,1,story,1970-01-01 00:00:01.490559867,0,46
13963074,[x-post from r/csharp] NRedux: 1-to-1 implementation of Redux in dotnet,rarescruceat,1,story,1970-01-01 00:00:01.490560099,0,71
13963100,Is the Samsung Galaxy S8 too expensive? Your answer is clear,allynushh,1,story,1970-01-01 00:00:01.490560304,0,60
13963131,Functional Relational Programming in UI Programming (2016),BoiledCabbage,1,story,1970-01-01 00:00:01.490560695,0,58
13963187,United Airlines in Twitter trouble over dress code rules,MilnerRoute,1,story,1970-01-01 00:00:01.490561272,0,56
13963226,Minister says encryption on messaging services is unacceptable,donnemartin,1,story,1970-01-01 00:00:01.490561624,0,62
13963249,Google sent me a job offer by mistake,donnemartin,2,story,1970-01-01 00:00:01.490561819,0,37
13963269,3 Design Patterns for More Reliable and Maintainable UI Tests,aangelov,1,story,1970-01-01 00:00:01.490562009,0,61
13963309,نقل اثاث مصر,saharmohamedali,1,story,1970-01-01 00:00:01.490562557,0,12
13963435,What If We Taught Argument in Every Class?,beekums,1,story,1970-01-01 00:00:01.490564056,0,42
13963535,Is disruptive evolution the new disruptive technology?,emilywadsworth,1,story,1970-01-01 00:00:01.490565420,0,54
13963537,Algorithm that adds noise in images.Animated explanation and matlab programming,ProgrammerLife6,1,story,1970-01-01 00:00:01.490565448,0,79
13963604,Two all-electric cars miss the mark for IIHS safety awards – IIHS News,topspeedone,1,story,1970-01-01 00:00:01.490566268,0,70
13963626,Professional hacker for hire,147bosch,1,story,1970-01-01 00:00:01.490566473,0,28
13963629,Elon Musk's Billion-Dollar Crusade To Stop The A.I. Apocalypse,neurologic,1,story,1970-01-01 00:00:01.490566484,0,62
13963640,نقل عفش – عباد الرحمن,fxcenturymaddi,1,story,1970-01-01 00:00:01.490566616,0,21
13963643,"After Barring Girls for Leggings, United Airlines Defends Decision",JumpCrisscross,1,story,1970-01-01 00:00:01.490566657,0,66
13963644,FedEx Will Pay You $5 to Install Flash on Your Machine,brideoflinux,1,story,1970-01-01 00:00:01.490566674,0,54
13963836,Why does Go get so much flak from developers?,juliane-sander,1,story,1970-01-01 00:00:01.490568860,0,45
13963880,Study finds potential breakthrough in determining who’s at risk for heart attack,upen,1,story,1970-01-01 00:00:01.490569498,0,80
13964047,Shape of You – Ed Sheeran (STITCH Live Cover),stitchband12,1,story,1970-01-01 00:00:01.490571595,0,45
13964071,The Gearhead Toolbox: Raspberry Pi Tools,markshepard,1,story,1970-01-01 00:00:01.490571942,0,40
13964134,Create a Barcode/QR Code Scanner Application with Ionic 2,PWHSoftware,1,story,1970-01-01 00:00:01.490572818,0,57
13964142,WW3 ISLAM v CHRISTIANITY,lemonpopsickle,1,story,1970-01-01 00:00:01.490572899,0,24
13964251,"GOLD: Bullish, Eyes Further Upside Pressure",FXTechstrategyt,1,story,1970-01-01 00:00:01.490574560,0,43
13964284,Tasty: a modern testing framework for Haskell,albert-helmuth,1,story,1970-01-01 00:00:01.490575098,0,45
13964289,Sad+Trump+Attacks+Conservatives+Over+Health+Bill+Fail+•+THE+WORLD+INFO,alico360us,1,story,1970-01-01 00:00:01.490575230,0,70
13964318,One of the best coding bootcamp in the world,dbosch,1,story,1970-01-01 00:00:01.490575864,0,44
13964386,Zeitgeist.6,schiller-silvio,1,story,1970-01-01 00:00:01.490577018,0,11
13964412,Uber Group’s Visit to Seoul Escort Bar Sparked HR Complaint,zorpner,1,story,1970-01-01 00:00:01.490577356,0,59
13964439,RICH KID SNAPCHATS,itsleongreen,1,story,1970-01-01 00:00:01.490577792,0,18
13964469,"Abortion Is Murder (Available on ITunes By, Evon Latrail)",kids_book,1,story,1970-01-01 00:00:01.490578264,0,57
13964541,SIW 2017 7.1.0326 Crack 2017 with Serial Key Free Download,codesionic,1,story,1970-01-01 00:00:01.490579351,0,58
13964580,Stayzilla Saga: What’s the big deal about the CEO of Startup being arrested?,mohan_,1,story,1970-01-01 00:00:01.490580005,0,76
13964678,Sales and Inventory Management System,rudi-rau,1,story,1970-01-01 00:00:01.490581574,0,37
13964714,We Have 24 Hours to Save Online Privacy Rules,dwaxe,1,story,1970-01-01 00:00:01.490582042,0,45
13964724,The Floppotron – Imperial March,jameshicks,1,story,1970-01-01 00:00:01.490582169,0,31
13964725,Digital Marketing Courses – Built for Startups,shekmera,1,story,1970-01-01 00:00:01.490582184,0,46
13964730,CSS Gotchas,sanj,1,story,1970-01-01 00:00:01.490582378,0,11
13964991,Android Studio May Be Coming to Chrome OS,crispytx,1,story,1970-01-01 00:00:01.490586007,0,41
13965007,CrashCourse: React Js from Start to Deployment,domenico34,1,story,1970-01-01 00:00:01.490586139,0,46
13965031,"KhabarSpecial.com+-+Online+News+Channel,+Latest+News+Updates",khabarspecial,1,story,1970-01-01 00:00:01.490586369,0,60
13965048,Build vs Buy Decisions in Software Development,beekums,1,story,1970-01-01 00:00:01.490586536,0,46
13965053,Identify Merged Cells in Slide Table and Compare Two Slides for Equality in Java,zondray,1,story,1970-01-01 00:00:01.490586591,0,80
13965062,Signal leaks your phone number to everyone in your contacts,sidcool,1,story,1970-01-01 00:00:01.490586791,0,59
13965066,Excel Rescue,excelrescue,1,story,1970-01-01 00:00:01.490586843,0,12
13965085,"In catalogue chất lượng, giá rẻ, cao cấp, sang trọng",mynga1195,1,story,1970-01-01 00:00:01.490587051,0,52
13965088,Công ty in tờ rơi quảng cáo thương hiệu cho doanh nghiệp,mynga1195,1,story,1970-01-01 00:00:01.490587070,0,56
13965126,European startups need help from family-office investors,jg2009,1,story,1970-01-01 00:00:01.490587815,0,56
13965145,Iarba sarpelui planta medicinala-viper's bugloss herb,csimion70,1,story,1970-01-01 00:00:01.490588268,0,53
13965181,Our Take on Effective Web Development Project Management,orphicpixel,1,story,1970-01-01 00:00:01.490588945,0,56
13965192,Don Bradman Cricket 17 Free Download for PC [Latest],TipuCrack,1,story,1970-01-01 00:00:01.490589212,0,52
13965248,Five Ways Cybersecurity Will Suffer If Congress Repeals the FCC Privacy Rules,dwaxe,1,story,1970-01-01 00:00:01.490590085,0,77
13965250,Analyzing code quality of widely-known open-source projects,enrico50,1,story,1970-01-01 00:00:01.490590097,0,59
13965271,"2 Most Common Kindle Fire Issues, and How to Fix Them?",tablethelpline,1,story,1970-01-01 00:00:01.490590446,0,54
13965280,"ABBYY PDF Transformer+, 1 User, Edu/Gov, ESD at Highly Affordable Price",juliane-sander,1,story,1970-01-01 00:00:01.490590698,0,71
13965301,Thinking Differently About Passwords,andrei_bunea,1,story,1970-01-01 00:00:01.490590940,0,36
13965318,6 Tips to Know How to Choose a Name for Your Business,lilacabel,6,story,1970-01-01 00:00:01.490591128,0,53
1396532,Why is Haskell used so little in the industry? ,Rickasaurus,13,story,1970-01-01 00:00:01.275436475,0,47
13965328,Free Machine Learning EBooks – March 2017,babelouc,1,story,1970-01-01 00:00:01.490591295,0,41
13965360,Workplace Compliance Blog,sentrient,1,story,1970-01-01 00:00:01.490592070,0,25
13965366,Top 20 MCQ Questions on CSS3 Element Selectors – InfoTechSite,shuseel,1,story,1970-01-01 00:00:01.490592235,0,61
13965375,Software Security Ecosystem with Human Intelligence,zahorecz,1,story,1970-01-01 00:00:01.490592304,0,51
13965385,North Korea: Who Would Dare to Piggyback on Kim Jong-Un?,FuturisticLover,1,story,1970-01-01 00:00:01.490592590,0,56
13965406,Getting Started with Deep Learning,babelouc,1,story,1970-01-01 00:00:01.490593041,0,34
13965422,Unlock your android phone within minutes,seesome11,1,story,1970-01-01 00:00:01.490593375,0,40
13965488,Top 8 iOS App Development Trends to Watch in 2016 and Beyond,crisstyris,1,story,1970-01-01 00:00:01.490594393,0,60
13965497,Google Play now has a free “App of the week” section,aaron_p,1,story,1970-01-01 00:00:01.490594466,0,52
13965498,How to Raise Up Your Mobile App Engagement,ConnectSteven,1,story,1970-01-01 00:00:01.490594466,0,42
13965508,This video change your life,wunger,1,story,1970-01-01 00:00:01.490594656,0,27
13965534,Multi-Agent Systems of Control,kruse-tim,1,story,1970-01-01 00:00:01.490595255,0,30
13965633,Join My Successful Business Today and Shop for Amaizing Products,Vincentia,1,story,1970-01-01 00:00:01.490597179,0,64
13965635,Fitbit Blaze vs. Fitbit Charge HR,magdykrm,2,story,1970-01-01 00:00:01.490597207,0,33
13965645,Why you should get Garmin vivoactive Fitness tracker?,magdykrm,2,story,1970-01-01 00:00:01.490597348,0,53
13965651,How does mobile app development help to your business?,marrycom121,1,story,1970-01-01 00:00:01.490597458,0,54
13965668,Research of Most Popular Programming Languages for 2017,yuliay,1,story,1970-01-01 00:00:01.490597743,0,55
13965688,Ergonomic keyboard with a matrix disposition,jlpom,2,story,1970-01-01 00:00:01.490598096,0,44
13965696,L0phtCrack 7 Crack Patch and License Keygen Free Download,zeshirockx,1,story,1970-01-01 00:00:01.490598290,0,57
13965700,10+Lời+khuyên+sắp+xếp+lại+tủ+quần+áo+và+tủ+bếp,bdsnhaviet2016,1,story,1970-01-01 00:00:01.490598339,0,46
13965717,Magento Online Booking and Reservation System,cedcommerce,1,story,1970-01-01 00:00:01.490598588,0,45
13965724,Why Martin Shkreli is a criminal who should go to prison,martinshkreli,1,story,1970-01-01 00:00:01.490598678,0,56
13965733,Logos.porn – sexy logos for your hot startup,06rigruber,1,story,1970-01-01 00:00:01.490598845,0,44
13965736,Easy Way to Type Text on Mobile Devices,Linktoblogs,1,story,1970-01-01 00:00:01.490598945,0,39
13965785,"Apple investigating accessory that turns iPhone, iPad into full laptop",msravi,1,story,1970-01-01 00:00:01.490599636,0,70
13965787,Draw with your phone and publish,qp2qp,9,story,1970-01-01 00:00:01.490599727,0,32
13965792,Amazon is building virtual and augmented reality stores,haptical,1,story,1970-01-01 00:00:01.490599850,0,55
13965849,Cost to do outsourcing app development?,jennytodavchych,1,story,1970-01-01 00:00:01.490600646,0,39
13965858,Protect WordPress with .Htaccess,jamilaliahmed,1,story,1970-01-01 00:00:01.490600818,0,32
13965863,A simple and effective way to write meeting minutes -MeetNotes,Meetnotes,1,story,1970-01-01 00:00:01.490600917,0,62
13965868,Convert meetings from annoying interruptions to an effective tool,Meetnotes,1,story,1970-01-01 00:00:01.490601011,0,65
13965874,PlayStation 4 – Rumor: Sony is working on a new slim model,allynushh,1,story,1970-01-01 00:00:01.490601203,0,58
13965877,"Skin whitening miracle pack|Live Results| get fair skin, glowing skin instantly",poojaluthra,1,story,1970-01-01 00:00:01.490601230,0,79
13965902,Asking for feedback is holding a mirror to your business,jaswa,1,story,1970-01-01 00:00:01.490601621,0,56
13965939,Directory traversal in a dishwasher,ipostonthisacc,1,story,1970-01-01 00:00:01.490602288,0,35
13965958,"DealWithHemorrhoids.com is for sale: $1,300 (18 bids)",crispytx,1,story,1970-01-01 00:00:01.490602551,0,53
13965995,About SEO Manager – Thomson Reuters Community,micha100,1,story,1970-01-01 00:00:01.490603254,0,45
13966026,Give your terminal's `cat` command some color,enrico50,1,story,1970-01-01 00:00:01.490603781,0,45
13966036,Take your learning to the next level,vasira,1,story,1970-01-01 00:00:01.490603905,0,36
13966040,How to Find BBW on BBW Dating Sites,joysmith,1,story,1970-01-01 00:00:01.490603977,0,35
13966044,Why 80% of Marketers Agree That Data Is More Critical Than Ever,Datafloq,1,story,1970-01-01 00:00:01.490604024,0,63
13966046,API versioning with django rest framework?,vladimirsid,1,story,1970-01-01 00:00:01.490604036,0,42
13966053,Japan Vulnerability Notes Added to the Vulners DB Yay,vulnersTeam,1,story,1970-01-01 00:00:01.490604167,0,53
13966063,Huntsman of Wild Deer,lisa_jeff,1,story,1970-01-01 00:00:01.490604367,0,21
13966069,Live your life with passion,UriKotlarsky,1,story,1970-01-01 00:00:01.490604501,0,27
13966078,How to make an app,jennytodavchych,1,story,1970-01-01 00:00:01.490604674,0,18
13966090,Modeling Battleship in C# – Introduction and Strategies,metin-konrad,1,story,1970-01-01 00:00:01.490604858,0,55
13966093,VSO ConvertXtoDVD 6 Crack and Serial Key Full Version Free,jennifer123,1,story,1970-01-01 00:00:01.490604907,0,58
13966095,Dream will find a way,Snehanuha,1,story,1970-01-01 00:00:01.490604937,0,21
13966097,Ehsan marketing plan at a glance,Snehanuha,1,story,1970-01-01 00:00:01.490604972,0,32
13966119,R Weekly Bulletin Vol – I,quantinsti1,1,story,1970-01-01 00:00:01.490605403,0,25
13966133,Potis licking,potislicking,1,story,1970-01-01 00:00:01.490605719,0,13
13966135,14 Conferences Every Startup Should Attend in 2017,startup-disrupt,1,story,1970-01-01 00:00:01.490605760,0,50
13966142,From $1000 to $30 for “.forex” domain names?,guillon,1,story,1970-01-01 00:00:01.490605867,0,44
13966149,Check this iPhone case with 16MP selfie camera,blrbalam,1,story,1970-01-01 00:00:01.490606034,0,46
13966153,Only for you,deep_12,1,story,1970-01-01 00:00:01.490606089,0,12
13966166,LG Life Science LTD. – Product Pipeline Review – 2016,davidred,1,story,1970-01-01 00:00:01.490606282,0,53
13966181,Getting Personal Online: How It’s Good for Your Business,Gamooga,1,story,1970-01-01 00:00:01.490606623,0,56
13966187,Uber halts self-driving cars after Arizona crash,a-smith,1,story,1970-01-01 00:00:01.490606761,0,48
13966206,TweakBit FixMyPC 2017 License Key and Crack Full Free Download,khashmi78,1,story,1970-01-01 00:00:01.490607015,0,62
13966229,Limit the total number of products in the cart – PrestaShop 1.6,NemoPS,1,story,1970-01-01 00:00:01.490607368,0,63
13966236,8 Must-Follow Secrets to Beat Any Interview as Freelancer,manish7,1,story,1970-01-01 00:00:01.490607594,0,57
13966293,"Latest Reinsurance in Canada, Key Trends and Opportunities to 2020",davidred,1,story,1970-01-01 00:00:01.490608378,0,66
13966294,Köprülü Kanyonda rafting,raftingo,1,story,1970-01-01 00:00:01.490608378,0,24
13966301,How to Create Compelling Call-To-Action,robertadler,4,story,1970-01-01 00:00:01.490608451,0,39
13966333,"Top 8 Chrome Extensions for Your Chromebook, Mac, Windows PC",fdalessio,2,story,1970-01-01 00:00:01.490608868,0,60
13966338,How much costs a #DDoS attack service? Which factors influence the final price?,paganinip,1,story,1970-01-01 00:00:01.490608902,0,79
13966374,Tips to Improve Your Communication Skills as a Software Developer,2Steps,1,story,1970-01-01 00:00:01.490609311,0,65
13966388,The Secret Guild of Silicon Valley,albert-helmuth,1,story,1970-01-01 00:00:01.490609542,0,34
13966391,How Can Ios Users Save Articles to Kindle Library from Safari?,techhelperz,1,story,1970-01-01 00:00:01.490609590,0,62
13966396,On meditation in Photography,Street_Bounty,1,story,1970-01-01 00:00:01.490609624,0,28
13966401,From FAT to FAST – breaking the world speed record,lavieenc,1,story,1970-01-01 00:00:01.490609668,0,50
13966443,Nature of the Person Name Start with 'I' Letter,ppcdose5,1,story,1970-01-01 00:00:01.490610233,0,47
13966489,Ransomware’s stranger-than-fiction origin story,lnolte,1,story,1970-01-01 00:00:01.490610979,0,47
13966499,Tapir: Embedding Fork-Join Parallelism into LLVM's Intermediate Representation [pdf],juliane-sander,1,story,1970-01-01 00:00:01.490611100,0,84
13966549,CrazyTalk Animator 3 Pro Serial Number and Crack Full Free,zubairismail,1,story,1970-01-01 00:00:01.490611752,0,58
13966555,Comparison of Maracuja Oil and Argan Oil,emmaclark07,1,story,1970-01-01 00:00:01.490611812,0,40
13966580,Hacker – Hacker News in the Command Line,chrishannah,1,story,1970-01-01 00:00:01.490612058,0,40
13966597,"Learning Data Analytics is not tough, Starting is Tough",rudi-rau,1,story,1970-01-01 00:00:01.490612176,0,55
13966602,Trailer ufficiale di Homeland Stagione 6,lemontube,1,story,1970-01-01 00:00:01.490612206,0,40
13966605,Salary for Entry Level Software Engineers in Different Countries,james_tano,1,story,1970-01-01 00:00:01.490612229,0,64
13966631,10 Top Technologies That Will Transform the Healthcare Industry,radhika2015,1,story,1970-01-01 00:00:01.490612483,0,63
13966655,Flat Fee Logo Design Service – Great for Apps and Startups,alecsx6,1,story,1970-01-01 00:00:01.490612780,0,58
13966656,Three Quick Ways to Put a WordPress Site Under Construction,wploop,1,story,1970-01-01 00:00:01.490612798,0,59
13966657,Recupere arquivos apagados acidentalmente do WhatsApp no smartphone,PauloRocha,1,story,1970-01-01 00:00:01.490612810,0,67
13966715,Completing All 12 Programming Courses on Sololearn – [After-Thoughts],cristivlad,1,story,1970-01-01 00:00:01.490613567,0,69
13966720,Meme Sangz – Dab in This Pussy (R&B) Can show new Dance moves,memesang404,1,story,1970-01-01 00:00:01.490613636,0,61
13966729,How to make a 3D design for 3D printing?,fydiz,1,story,1970-01-01 00:00:01.490613744,0,40
13966754,Most popular cell phones Fail Canadian safety standards – Investigation,mpelembe,1,story,1970-01-01 00:00:01.490614009,0,71
13966775,Comparing Ada and High Integrity C++,wunger,1,story,1970-01-01 00:00:01.490614339,0,36
13966777,Infinity Is a Bad Timeout,kiyanwang,1,story,1970-01-01 00:00:01.490614350,0,25
13966842,"R3hub – Easiest Way to Refill, Reuse or Recycle Your Cartridge",Farnk-Jafferson,1,story,1970-01-01 00:00:01.490615106,0,62
13966866,ملابس+اطفال+2017+صور+اجمل+ملابس+الاطفال+ازياء+للاطفال,alossra,1,story,1970-01-01 00:00:01.490615372,0,53
13966873,How to Choose Between AngularJS vs. Knockout.js vs. Vue.js vs. Backbone.js,AltexSoft,3,story,1970-01-01 00:00:01.490615470,0,74
13966893,How to Use SFTP to Securely Transfer Files with a Remote Server,ashishpatel0720,1,story,1970-01-01 00:00:01.490615669,0,63
13966912,Typography is ART,andrei_bunea,1,story,1970-01-01 00:00:01.490615896,0,17
13966924,[Screencast] Pagination with Kaminari,kobaltz,1,story,1970-01-01 00:00:01.490616001,0,37
13966969,Peakon secures $6.5M for its SaaS platform for employee engagement,EU-Startups2014,1,story,1970-01-01 00:00:01.490616393,0,66
13966983,Top 5 Xamarin Mobile App Development Companies,mikepacifier,1,story,1970-01-01 00:00:01.490616524,0,46
13967000,A Closer Look at Sorting Algorithms,schiller-silvio,1,story,1970-01-01 00:00:01.490616738,0,35
13967044,Using TensorFlow to Compose Music Like the One of Bach or the Beatles,Altoros,1,story,1970-01-01 00:00:01.490617094,0,69
13967070,Gitlab outage: how to uncover the true root-cause?,dvirp,1,story,1970-01-01 00:00:01.490617456,0,50
13967071,You Might Be Exchanging Bitcoin with Trading Bots and Not Even Know It,posternut,1,story,1970-01-01 00:00:01.490617457,0,70
13967072,Serverless Sign in with Blockstack Auth,metin-konrad,1,story,1970-01-01 00:00:01.490617459,0,39
13967098,Cryptography worst practices – Daniel J. Bernstein (2012) [pdf],karsten25,1,story,1970-01-01 00:00:01.490617700,0,63
13967110,Quick and Easy Introduction to CSS Grid for Beginners,d3v3r0,1,story,1970-01-01 00:00:01.490617792,0,53
13967127,12 New Fitbit Charge 2 Features That Every Best Fitness Tracker Should Need,acheilies,1,story,1970-01-01 00:00:01.490618016,0,75
13967139,File sharing sites to make $1000 per month with your blog,hacker125,1,story,1970-01-01 00:00:01.490618108,0,57
13967177,INTRODUCTION TO LABVIEW,junaidshahid360,1,story,1970-01-01 00:00:01.490618526,0,23
13967186,Thoughts Are Powerful,TimberlineMedia,1,story,1970-01-01 00:00:01.490618585,0,21
13967205,How Important Is Instagram to Successful Social Media Marketing in 2017?,HusariaMKTG,1,story,1970-01-01 00:00:01.490618795,0,72
13967265,Car Wars: Cory Doctorow's short story about the future of self-driving cars,chtfn,1,story,1970-01-01 00:00:01.490619358,0,75
13967271,Dishwasher has directory traversal bug,tdrnd,2,story,1970-01-01 00:00:01.490619384,0,38
13967320,PyDev of the Week: Roman Sirokov,driscollis,1,story,1970-01-01 00:00:01.490619793,0,32
13967339,The Launch a Python Related Patreon Campaign,driscollis,1,story,1970-01-01 00:00:01.490619944,0,44
13967363,EasyPost is Hiring – Build APIs for the Fortune 50,jstreebin,1,job,1970-01-01 00:00:01.490620108,0,50
13967367,Custom| Professional| Mobile| Android| App Development| Company,garyharmann,1,story,1970-01-01 00:00:01.490620143,0,63
13967406,The JavaScript phenomenon is a mass psychosis,insulanian,16,story,1970-01-01 00:00:01.490620493,0,45
13967416,How to Kill a WiFi Network Way of PRO Hackrs,sachinbharmoria,1,story,1970-01-01 00:00:01.490620542,0,44
13967428,Encoding.com's 2017 Global Media Format Report,clouddrover,1,story,1970-01-01 00:00:01.490620623,0,46
13967482,"Abortion Is Murder (Available on ITunes By, Evon Latrail)",kids_book,1,story,1970-01-01 00:00:01.490621102,0,57
13967508,Android+O:+Top+Android+O+Features+at+a+Glance,allynushh,1,story,1970-01-01 00:00:01.490621308,0,45
13967678,"Gmail, Messenger and WhatsApp received heaps of fake 5-star reviews on Google Play",buggybeaver,1,story,1970-01-01 00:00:01.490622663,0,82
13967687,"Availability monitoring, 0.5 released",rultor,1,story,1970-01-01 00:00:01.490622726,0,37
13967704,GitHub Repo for Curl function of PHP via proxies found on free-proxy-list.net,lnolte,1,story,1970-01-01 00:00:01.490622860,0,77
13967717,Reason 9 Crack and License Number and Registration Code Free,khashmi78,1,story,1970-01-01 00:00:01.490623022,0,60
13967725,Research the market for your project in just 7 seconds with the help of Big Data,dudeedud,1,story,1970-01-01 00:00:01.490623072,0,80
13967791,Why is the song about making America #Great makings so many people mad?,butchparnell,1,story,1970-01-01 00:00:01.490623663,0,71
13967808,Hot dance by brave girl,deep_12,1,story,1970-01-01 00:00:01.490623852,0,23
13967866,6 Ways to Attract a Flock of Angels to Your Venture,martyzwilling,1,story,1970-01-01 00:00:01.490624271,0,51
13967888,How to Make Your Home More Attractive to Millennial Home Buyers,samanthau,1,story,1970-01-01 00:00:01.490624392,0,63
13968033,Miele PG 8528 Washer-Disinfector Affected by a Web Server Directory Traversal,paganinip,1,story,1970-01-01 00:00:01.490625360,0,77
13968075,The best Slackbots for remote teams,KarinneLima,1,story,1970-01-01 00:00:01.490625581,0,35
13968093,The Future Mundane (2013),panic,1,story,1970-01-01 00:00:01.490625716,0,25
13968129,Cashier – Caching for Python functions,atmb4u,1,story,1970-01-01 00:00:01.490625975,0,38
13968135,What you need to know before building an API for your product,sindrehei,1,story,1970-01-01 00:00:01.490626037,0,61
13968251,Πως να αντιμετωπίσετε τα ερωτικά καβγαδάκια -,goldendiamond11,1,story,1970-01-01 00:00:01.490626882,0,45
13968278,PostgreSQL vs. MySQL – what to pick as your next analytical database?,albert-helmuth,1,story,1970-01-01 00:00:01.490627055,0,69
13968303,Free One Click SSL Plugin,contrid,1,story,1970-01-01 00:00:01.490627212,0,25
13968323,ReJSON – a JSON data type for Redis,wunger,1,story,1970-01-01 00:00:01.490627415,0,35
13968344,The Insidious Effects of SaaS Subscriptions on Your Business,yehudac,1,story,1970-01-01 00:00:01.490627547,0,60
13968363,7 Invaluable Hacks for YouTube Video Content Success,21Handshake,1,story,1970-01-01 00:00:01.490627655,0,52
13968375,"Vinales, Rossi score double podium for Yamaha in MotoGP opener in Qatar",Lulu13,1,story,1970-01-01 00:00:01.490627727,0,71
13968388,What is Proximity sensor? What are alternate uses of it? – SuratNow,suratnow16,1,story,1970-01-01 00:00:01.490627799,0,67
13968429,Y Combinator: Bookmarklet,bondhuchula,1,story,1970-01-01 00:00:01.490628099,0,25
13968432,Mobile Development for Arduino Part 6,Tregger,1,story,1970-01-01 00:00:01.490628106,0,37
13968522,How to Find and Hire Influencers in 3 Easy Steps,JtotheB789,1,story,1970-01-01 00:00:01.490628580,0,48
13968564,Human Readable Code or Why I Don’t Like If Statements,asiow,1,story,1970-01-01 00:00:01.490628857,0,53
13968611,Prototyping the Banking Revolution: Q&A with Atom Bank’s Head of UX,pepmarques,1,story,1970-01-01 00:00:01.490629253,0,67
13968621,Tips and Tricks How to Debug an Angular 1 Application via DevTools,asiow,1,story,1970-01-01 00:00:01.490629303,0,66
13968627,GoAccess in a tiny Docker image powered by Alpine Linux,kruse-tim,1,story,1970-01-01 00:00:01.490629336,0,55
13968636,How to Make Planner Stickers Without Photoshop,hearthandmadeuk,1,story,1970-01-01 00:00:01.490629383,0,46
13968637,Change how women are represented in photography and win big,scopioimages,1,story,1970-01-01 00:00:01.490629390,0,59
13968649,Misssing Pattern in Model-View-Controller,rudi-rau,1,story,1970-01-01 00:00:01.490629456,0,41
13968672,Boy does act of Regina hall in scary movie 2,prettyluckyyy,1,story,1970-01-01 00:00:01.490629609,0,44
13968811,Create Hybrid Test Automation Framework – Interface Contracts,aangelov,1,story,1970-01-01 00:00:01.490630410,0,61
13968814,Carnegie Mellon's CyLab challenges high school students to give hacking a try,mpelembe,1,story,1970-01-01 00:00:01.490630419,0,77
13968844,Evaluating boosted decision trees for billions of users,dwaxe,1,story,1970-01-01 00:00:01.490630585,0,55
13968849, said about little boy are very disturbing,prettyluckyyy,1,story,1970-01-01 00:00:01.490630617,0,42
13968874,Gender quotas in Sweden increase competence of elected officials,davidgerard,7,story,1970-01-01 00:00:01.490630854,0,64
13968896,Free Webinar on Machine Learning,Deindre76,1,story,1970-01-01 00:00:01.490630991,0,32
13969060,MOMO realtime stock discovery for Android 1.0 released,brentis,1,story,1970-01-01 00:00:01.490631902,0,54
13969093,5 Things You Can Do to Achieve Early Retirement Before 50,smsanko,1,story,1970-01-01 00:00:01.490632103,0,57
13969163,Neuro-Programmer 3 – Innovative Brainwave Entrainment Software,TobyGiacometti,1,story,1970-01-01 00:00:01.490632440,0,62
13969328,Refactor or Rewrite,tusharma,1,story,1970-01-01 00:00:01.490633306,0,19
13969357,DMOZ-Open Directory Project Has Officially Closed After 19 Years of Efforts,adminycomb,1,story,1970-01-01 00:00:01.490633458,0,75
13969507,Over 400 backing tracks for jamming,wunszsparkul,1,story,1970-01-01 00:00:01.490634235,0,35
13969518,VST Plugins for free,wunszsparkul,1,story,1970-01-01 00:00:01.490634293,0,20
13969580,Bracket Challenge – I.D. Your User Bad Behavior,SmartFile,1,story,1970-01-01 00:00:01.490634583,0,47
13969600,The Art and Science of Embedding and Hiding Messages in Pictures and Videos,babelouc,1,story,1970-01-01 00:00:01.490634685,0,75
13969603,Adobe Photoshop 7.0 Serial Number and Crack [Get Here],TipuCrack,1,story,1970-01-01 00:00:01.490634706,0,54
13969670,Cheap Flights from Barcelona to Rome,RomeFlights,1,story,1970-01-01 00:00:01.490635053,0,36
13969715,Urban Homesteaders Win Cancellation of Bogus Trademarks,dwaxe,1,story,1970-01-01 00:00:01.490635265,0,55
13969727,ZeroStack partners with Nimble Storage,ZeroStackInc,1,story,1970-01-01 00:00:01.490635310,0,38
13969836,A new approach to define sales leads,slideflight,1,story,1970-01-01 00:00:01.490635838,0,36
13969861,Unblocked Games 360,vasomarina9,1,story,1970-01-01 00:00:01.490635977,0,19
13969911,What I Need to Know About Diabetes Insipidus and Urine?,diabetesgenetic,1,story,1970-01-01 00:00:01.490636316,0,55
13970039,How to Whitelist Incapsula on AWS to Prevent WAF Bypass Attackd,biancagorospe,1,story,1970-01-01 00:00:01.490637135,0,63
13970119,LeadDyno Tracking Software – Affiliate Program,shekmera,1,story,1970-01-01 00:00:01.490637610,0,46
13970156,Can Solopreneurs Succeed?,sramana,1,story,1970-01-01 00:00:01.490637870,0,25
13970174,Automated Trading Robo Advisor Signal Samurai Is Awesome,recruiter,1,story,1970-01-01 00:00:01.490638060,0,56
13970178,SpaceVim,enrico50,1,story,1970-01-01 00:00:01.490638098,0,8
13970230,Silicon Valley tech workers are talking about unionizing to resist Trump,panic,12,story,1970-01-01 00:00:01.490638474,0,72
13970234,ANİ SEN BİR ÇİÇEKTİN,ghsswa,1,story,1970-01-01 00:00:01.490638506,0,20
13970240,"So, is anyone out there who wants to make a quick $100 ?",smnplk,2,story,1970-01-01 00:00:01.490638560,0,56
13970271,Can Renewable Solar Power Decentralize Bitcoin Mining Operations?,posternut,1,story,1970-01-01 00:00:01.490638751,0,65
13970317,Page 3 of Amazon Product # 1,vannghia0375,1,story,1970-01-01 00:00:01.490639019,0,28
13970343,SICKWEATHER DISRUPTS HEALTHCARE ‘DATA SILOS’ WITH NEW DEVELOPER PORTAL,kdeuber,1,story,1970-01-01 00:00:01.490639168,0,70
13970387,Want Less,gilbertginsberg,1,story,1970-01-01 00:00:01.490639501,0,9
13970392,Linux Samba Server,seco,1,story,1970-01-01 00:00:01.490639529,0,18
13970394,"A Review of Learn Python the Hard Way, 3rd Ed",albert-helmuth,1,story,1970-01-01 00:00:01.490639540,0,45
13970457,Introduction to JavaScript Async Functions- Promises Simplified,georgeuser77,2,story,1970-01-01 00:00:01.490639969,0,63
13970473,The War on Science,azuajef,23,story,1970-01-01 00:00:01.490640102,0,18
13970529,Interviews Should Be Based on Job Needs,beekums,1,story,1970-01-01 00:00:01.490640463,0,39
13970713,Mimir (YC S15) is hiring across all teams to build the future of CS education,coltonv,1,job,1970-01-01 00:00:01.490641715,0,77
13970740,Cracked LG Google Nexus 5 phone screen?,sydneycbdrepair,1,story,1970-01-01 00:00:01.490641914,0,39
13970787,"If you read a lot of blogs online, you need to check out NewsTab Reader",Aldina,1,story,1970-01-01 00:00:01.490642329,0,71
13970794,React Native: a first try,kruse-tim,1,story,1970-01-01 00:00:01.490642418,0,25
13970795,Practical CSS Grid,metin-konrad,1,story,1970-01-01 00:00:01.490642423,0,18
13970814,"Uber president Jeff Jones quits, deepening turmoil",preetish,1,story,1970-01-01 00:00:01.490642540,0,50
13970869,Can Hypnosis Help You Lose Weight,emaf07,1,story,1970-01-01 00:00:01.490642894,0,33
13970896,"MEDITATIONS, WE HAVE TO TRUST ONLY IN THE HOLY SPIRIT AND Not TO FOLLOW SATANIC",elhijodedios,1,story,1970-01-01 00:00:01.490643069,0,79
13970933,Big Top Casino – £20 Free No Deposit Bonus,jossstone,1,story,1970-01-01 00:00:01.490643304,0,42
13970947,Flights to Sierra Leone,travelwide,1,story,1970-01-01 00:00:01.490643356,0,23
13970948,How to Jumpstart Your Health,debbieloewen,1,story,1970-01-01 00:00:01.490643362,0,28
13971012,Eset Smart Security 10 License Key 100% Working 2018 Full,zubairismail,1,story,1970-01-01 00:00:01.490643757,0,57
13971091,The Text Message You Can't Afford to Miss,jackiecohen,1,story,1970-01-01 00:00:01.490644366,0,41
13971105,Brain Teaser: Calculate Max Stock Profit,andrei_bunea,1,story,1970-01-01 00:00:01.490644457,0,40
13971168,Linux.com – Slaying Monoliths at Netflix with Node.js,lnolte,1,story,1970-01-01 00:00:01.490644820,0,53
13971176,Elon Musk Launches Neuralink to Connect Brains with Computers,bcn,16,story,1970-01-01 00:00:01.490644840,0,61
13971177,InsuredMine for digitized policies and simplified Insurance,snehaIM,2,story,1970-01-01 00:00:01.490644871,0,59
13971200,Ultimate Pitch Deck to save you hours on your next deck,laurenarroyo83,1,story,1970-01-01 00:00:01.490645015,0,55
13971231,NieR+-+Automata:+Fan-Patch+is+supposed+to+produce+a+performance+miracle,allynushh,1,story,1970-01-01 00:00:01.490645261,0,71
13971263,The Text Message You Can't Afford to Miss,jackiecohen,1,story,1970-01-01 00:00:01.490645484,0,41
13971274,The Rise of the Artist – You Are the Future (2013),Tomte,1,story,1970-01-01 00:00:01.490645547,0,50
13971343,What Is the Difference Between Chair for Active Sitting and Regular Chair?,dxracercanada,1,story,1970-01-01 00:00:01.490645928,0,74
13971409,Airport attendants,obestjose,1,story,1970-01-01 00:00:01.490646244,0,18
13971456,فني ستلايت الكويت 50996682,fahadeg,1,story,1970-01-01 00:00:01.490646499,0,26
13971462,Apple just bought the app it once crowned 'most innovative' and made it free,airsassociation,1,story,1970-01-01 00:00:01.490646566,0,76
13971471,"2017 Community College Cyber Summit (3CS) – Largo, Maryland",schiller-silvio,1,story,1970-01-01 00:00:01.490646619,0,59
13971510,Interactive map of conflicts all over the world,rishabhd,1,story,1970-01-01 00:00:01.490646866,0,47
13971516,"Starter for using Log4jdbc with Spring Boot, 1.0.0 released",rultor,1,story,1970-01-01 00:00:01.490646895,0,59
13971532,App i use on the daily base,quotleapp,1,story,1970-01-01 00:00:01.490647068,0,27
13971537,Signal leaks your phone number to everyone in your contacts,chmars,1,story,1970-01-01 00:00:01.490647097,0,59
13971565,Dismantling the permit raj in housing,jseliger,1,story,1970-01-01 00:00:01.490647274,0,37
13971639,"File Share, File Sharing, File Transfer, File Upload",quictransfer,1,story,1970-01-01 00:00:01.490647788,0,52
13971659,Peaceful Ambient Music,specialcafe,1,story,1970-01-01 00:00:01.490647925,0,22
13971662,AFFORDABLE Prepaid Credit Card for Small Businesses and Young Entrepreneurs,adeyemiadisa,1,story,1970-01-01 00:00:01.490647939,0,75
13971678,“MONEY FOR NOTHIN'” TRUMP PARODY VIDEO,onedder,1,story,1970-01-01 00:00:01.490648002,0,38
13971686,25 Famous Tech Journalists You Need to Follow,ravirajh,2,story,1970-01-01 00:00:01.490648031,0,45
13971717,Azure SQL 101 – Dynamic Data Masking,karsten25,1,story,1970-01-01 00:00:01.490648302,0,36
13971732,Create Hybrid Test Framework – Advanced Element Find Extensions,aangelov,1,story,1970-01-01 00:00:01.490648411,0,63
13971734,The Puppet design philosophy (2015),wunger,1,story,1970-01-01 00:00:01.490648419,0,35
13971761,چگونگی مدیریت تجهیزات اتاق سرور,artamco,1,story,1970-01-01 00:00:01.490648698,0,31
13971792,World’s first human head transplant to take place in 8 months,mattiemass,1,story,1970-01-01 00:00:01.490648982,0,61
13971796,"Release of 8th, 9th and 10th Editions Unix Source Code",domenico34,1,story,1970-01-01 00:00:01.490649019,0,54
13971816,Yahoo just made it super easy to find all your e-mailed photos,maryrosemarapia,1,story,1970-01-01 00:00:01.490649200,0,62
13971821,Elon Musk’s Neuralink wants to boost the brain to keep up with AI,Errorcod3,1,story,1970-01-01 00:00:01.490649220,0,65
13971849,Simple Website Fixes – Part 3,ztheller,1,story,1970-01-01 00:00:01.490649430,0,29
13971911,Elon Musk Launches Neuralink to Connect Brains with Computers,rbanffy,6,story,1970-01-01 00:00:01.490649970,0,61
13971929,DO Not OVERLOOK THE JOB SAFETY ANALYSIS,SALA_Medics,1,story,1970-01-01 00:00:01.490650094,0,39
13972138,Musk launches company to merge brain with computers,chrisshroba,1,story,1970-01-01 00:00:01.490651532,0,51
13972142,USA Trump Led Gov IRS Crackdown Targeting Bitcoin Exchange Coinbase Users,a-smith,1,story,1970-01-01 00:00:01.490651541,0,73
13972158,Elon Musk has launched a company that hopes to link your brain to a computer,adamwi,1,story,1970-01-01 00:00:01.490651678,0,76
13972175,Qebot Launches White Label Version of Its Business Platform,qebot,1,story,1970-01-01 00:00:01.490651780,0,59
13972216,Almost Paradise: The Remote Worker’s Guide to Lonely Island Survival,dodgersbenny,1,story,1970-01-01 00:00:01.490652026,0,68
13972233,Facebook Hires Former Apple Engineer to Oversee Oculus VR,IraqCombatVet,1,story,1970-01-01 00:00:01.490652183,0,57
13972358,Adding Google Adsense Smartly to Improve Your Earning: For Blogger Blog,babanature,1,story,1970-01-01 00:00:01.490653360,0,71
13972361,Subscribe,vickygkp8,1,story,1970-01-01 00:00:01.490653391,0,9
13972385,Google’s ‘Noto’ Is a Free Typeface That’s Readable in Over 800 Languages,persaudarmil,1,story,1970-01-01 00:00:01.490653637,0,72
13972424,Apple investigating accessory that turns iPhone into full-fledged laptop,borisjabes,1,story,1970-01-01 00:00:01.490653974,0,72
13972454,The Differences Between Muscle and Pony Cars,topspeedone,1,story,1970-01-01 00:00:01.490654221,0,44
13972534,Volantio is hiring – Bringing modern tech to the airline industry,Fenn,1,job,1970-01-01 00:00:01.490655011,0,65
13972600,"Educative,Entertaining and Inspirational – 18",jeoworld,1,story,1970-01-01 00:00:01.490655746,0,45
13972620,Watch Captain Underpants: The First Epic Movie Trailer,neilkoke,1,story,1970-01-01 00:00:01.490656032,0,54
13972703,Offstage Live,jmadeiro,1,story,1970-01-01 00:00:01.490656941,0,13
13972802,Bizwhoop – Articles to Help Entrepreneurs and Startups Get Business Done,SEOinSeattle,1,story,1970-01-01 00:00:01.490658218,0,72
13972834,Logo Design Service – Flat Fee Based,cakepancake,1,story,1970-01-01 00:00:01.490658634,0,36
13972844,Sentiment Analysis on Reddit Headlines: Python and NLTK,LearnDataSci,1,story,1970-01-01 00:00:01.490658751,0,55
13972870,"Baidu's head of AI, Andrew Ng, is leaving the company",hemapani,1,story,1970-01-01 00:00:01.490659064,0,53
13972921,Install Manjaro as You Want with Architect – Manjaro Linux,andrei_bunea,1,story,1970-01-01 00:00:01.490660058,0,58
13973027,Sapphire Falls: This Might Be Illegal,jorgemontenegro,1,story,1970-01-01 00:00:01.490661632,0,37
13973037,Okreader: Free/libre firmware for Kobo ebook readers,schiller-silvio,1,story,1970-01-01 00:00:01.490661744,0,52
13973054,7 Ways to Improve Employee Productivity Away from the Desk,nahamed,1,story,1970-01-01 00:00:01.490661981,0,58
13973095,Στοιχημα: Προκριματικά παγκοσμίου κυπέλλου Ν.Αμερικής,betcatalog,1,story,1970-01-01 00:00:01.490662603,0,53
13973107,Microsoft sued for millions over Windows 10 upgrades,palavsen,1,story,1970-01-01 00:00:01.490662766,0,52
13973147,This Psychological Trigger Will Make You Rich,karlmcguire,1,story,1970-01-01 00:00:01.490663233,0,45
13973153,I had cancer. This comic shows how much pressure I felt to be a hero,dwaxe,1,story,1970-01-01 00:00:01.490663346,0,68
13973191,FreeCodeCamp is building a massive public dataset about new coders,albert-helmuth,1,story,1970-01-01 00:00:01.490663903,0,66
13973250,5 Key Morning Routine Tricks for Better Productivity,Hibox,1,story,1970-01-01 00:00:01.490664585,0,52
13973285,Break the paradigm New project on redefining life,Sunshine3,1,story,1970-01-01 00:00:01.490664902,0,49
13973327,Tere naam part 2 trailer,deep_12,1,story,1970-01-01 00:00:01.490665249,0,24
13973336,The Text Message You Can’t Afford to Miss,xenonjack,1,story,1970-01-01 00:00:01.490665391,0,41
13973382,"I used Happn dating app, again. Meet people you crossed paths with",shigye,2,story,1970-01-01 00:00:01.490665822,0,66
13973393,Assert() in the hands of bad coders,lnolte,1,story,1970-01-01 00:00:01.490665940,0,35
13973406,"Ask HN: I was hit by an uber driver who had no insurance, what is my recourse?",throwaway90901,1,story,1970-01-01 00:00:01.490666063,0,78
13973445,GridinSoft Anti-Malware 3.0.84 Crack 2017 with Serial Key Free Download,codesionic,1,story,1970-01-01 00:00:01.490666466,0,71
13973483,Why Career Changers Make Great Junior Developers,dan_siepen,1,story,1970-01-01 00:00:01.490666923,0,48
13973563,Verbling is looking for a customer happiness rep (remote),jjolis,1,job,1970-01-01 00:00:01.490668031,0,57
13973599,New Account,Lucidious,1,story,1970-01-01 00:00:01.490668558,0,11
13973614,4 yrs Old kids played Placing Blocks like Adult,rochepink,1,story,1970-01-01 00:00:01.490668819,0,47
13973643,How a baby learn to find number 1 in easy way,rochepink,1,story,1970-01-01 00:00:01.490669254,0,45
13973685,Three Reasons Your Business Growth Is Stagnant,jamesdharper3,1,story,1970-01-01 00:00:01.490669785,0,46
13973694,DVDFab DRM Removal,dvdfabbookmark,1,story,1970-01-01 00:00:01.490669901,0,18
13973714,Stronger Than Ever- a school project,uraniathestar,1,story,1970-01-01 00:00:01.490670219,0,36
13973746,The 50 Senators That Voted to Monitor Your Internet Activity for Financial Gain,zrana,1,story,1970-01-01 00:00:01.490670700,0,79
13973795,Ask HN: What are the downsides of back end vs. front end for a new developer?,blue1000,1,story,1970-01-01 00:00:01.490671522,0,77
13973870,Blackmail,greg1111111111,1,story,1970-01-01 00:00:01.490672648,0,9
13973880,WhatsApp encryption,mangalamonline,1,story,1970-01-01 00:00:01.490672761,0,19
13973931,Itching Powder Prank on Fiance X2 (Gone Wrong and Backfires) – Mariah Dominic,MariahDominic,1,story,1970-01-01 00:00:01.490673383,0,77
13973997,"Canva, Pintrest and Bukalapak.com Share 8 Proven Tips for Growth Strategy",Alexholderness,1,story,1970-01-01 00:00:01.490674207,0,73
13974036,Trump to sign order sweeping away Obama-era climate policies,qubitcoder,40,story,1970-01-01 00:00:01.490674733,0,60
13974069,Google Is Making It Possible to Run Android Studio on ChromeOS,rarescruceat,1,story,1970-01-01 00:00:01.490675182,0,62
13974121,D&B Nation Hacked?,itsleongreen,1,story,1970-01-01 00:00:01.490675860,0,18
13974129,Top Latest Trends in the UI Design,orphicpixel,1,story,1970-01-01 00:00:01.490676009,0,34
13974154,How AI Could Speed Up the Race to Self-Driving Cars,33rdsquare,1,story,1970-01-01 00:00:01.490676420,0,51
13974180,Design and Build better products and services,zahorecz,1,story,1970-01-01 00:00:01.490676760,0,45
13974182,Password,goo-lab,1,story,1970-01-01 00:00:01.490676789,0,8
13974213,Elon Musk Launches Neuralink to Connect Brains with Computers,jonbaer,2,story,1970-01-01 00:00:01.490677288,0,61
13974224,Israel:apartheid against the Palestinians,Bordecorex,1,story,1970-01-01 00:00:01.490677458,0,41
13974232,Lovely Photos of Spring Season in Different Cities of Pakistan,mobeenmobi,1,story,1970-01-01 00:00:01.490677551,0,62
13974236,Read Code39standard Barcode from PNG Image and Enhanced QR Code Recognition in C#,zondray,1,story,1970-01-01 00:00:01.490677601,0,81
13974286,Business Launch Party Invitations and Ideas,Inviter,1,story,1970-01-01 00:00:01.490678233,0,43
13974300,Tagove helps businesses answer customer queries in real-time – YourStory.com,laduramvishnoi,1,story,1970-01-01 00:00:01.490678474,0,76
13974317,"Availability monitoring, 0.7 released",rultor,1,story,1970-01-01 00:00:01.490678740,0,37
13974327,TOP 50 of MarTech Events to Visit in 2017,Mobilunity,1,story,1970-01-01 00:00:01.490678836,0,41
13974370,Qaul Mubarak (Buzurgan E Deen Ke Irshadat) – Islamic Quotes,sk_hazratali,1,story,1970-01-01 00:00:01.490679400,0,59
13974391,Matlab R2016b Crack and Activation Key Full Version Download,khashmi78,1,story,1970-01-01 00:00:01.490679743,0,60
13974393,Hybrid Cloud Storage: Making Your Move to the Cloud,marrycom121,1,story,1970-01-01 00:00:01.490679777,0,51
13974394,#APT29 group used domain fronting to evade detection,paganinip,1,story,1970-01-01 00:00:01.490679786,0,52
13974401,"Introducing Muriel: An electron app to binge-watch anything, without being bored",lnolte,1,story,1970-01-01 00:00:01.490679861,0,80
13974408,People.ai (YC S16) Is Hiring Senior Front-End and Back End Engineers,rogik,1,job,1970-01-01 00:00:01.490679942,0,68
13974413,Customer Experience at the Heart of Digital Transformation,Peter424,1,story,1970-01-01 00:00:01.490680005,0,58
13974416,Hybrid Cloud Solutions for ERP,fuddu,1,story,1970-01-01 00:00:01.490680050,0,30
13974424,What's New Plesk Onyx WordPress Toolkit 2.0,xstamper,1,story,1970-01-01 00:00:01.490680330,0,43
13974446,AutoRun Pro Enterprise 14 Crack and Serial Key Free Download,jennifer123,1,story,1970-01-01 00:00:01.490680598,0,60
13974450,Qualcomm:+VR+reference+platform+switches+to+Snapdragon+835,allynushh,1,story,1970-01-01 00:00:01.490680660,0,58
13974457,G-suite-pricing     (http://www.g-suite.space/g-suite-pricing-india),G-suite-pricing,2,story,1970-01-01 00:00:01.490680817,0,68
13974483,Jackfruit Kerala,uarchanaanil,1,story,1970-01-01 00:00:01.490681247,0,16
13974495,Aws-upload – A delicious CLI Tool for uploading files to ec2,enrico50,1,story,1970-01-01 00:00:01.490681541,0,60
13974507,Seems like an idea that could be worthwhile,kruse-tim,1,story,1970-01-01 00:00:01.490681784,0,43
13974511,Elon Musk’s Neuralink wants to boost the brain to keep up with AI,preetish,1,story,1970-01-01 00:00:01.490681931,0,65
13974528,Five Ways for SMEs to Retain Quality Staff,anikaroy,1,story,1970-01-01 00:00:01.490682156,0,42
13974549,Reduce creatinine to do what,tianhao,1,story,1970-01-01 00:00:01.490682506,0,28
13974569,List of WordPress alternatives,jamilaliahmed,1,story,1970-01-01 00:00:01.490682829,0,30
13974580,تور مشهد در هتل آپارتمان انصار,hivakish,1,story,1970-01-01 00:00:01.490683068,0,30
13974600,Universal Keygen Generator 2017 Free Download Full Version,zubairismail,1,story,1970-01-01 00:00:01.490683408,0,58
13974608,Big Data and Analytics – Getting Started on Your Journey,Datafloq,1,story,1970-01-01 00:00:01.490683574,0,56
13974634,How angel investors value a business with no revenue,Wall_Street,1,story,1970-01-01 00:00:01.490684117,0,52
13974645,India girl and boys on break मस्ती कारो,deep_12,1,story,1970-01-01 00:00:01.490684314,0,39
13974680,This vedio change your thinking completly,karsten25,1,story,1970-01-01 00:00:01.490685141,0,41
13974704,I just test dva-hacknews is real time synchronization to this website,276636806,1,story,1970-01-01 00:00:01.490685393,0,69
13974712,Worksnaps Features: Screen Shot Viewer,Worksnaps,1,story,1970-01-01 00:00:01.490685538,0,38
13974725,Wilson’s Heart is a bold VR mash-up of game styles and film genres,jennytodavchych,1,story,1970-01-01 00:00:01.490685794,0,66
13974762,"Plastic welding machine in mumbai, Plastic welding",Anandjayam,1,story,1970-01-01 00:00:01.490686261,0,50
13974789,"The best Node.js framework for your project: Express.js, Koa.js or Sails.js",yuliay,1,story,1970-01-01 00:00:01.490686589,0,75
13974848,Xiaomi Mi6 / Mi6 Plus Specifications,Linktoblogs,1,story,1970-01-01 00:00:01.490687495,0,36
13974857,30 questions for a serverless fanboy,hullsean,1,story,1970-01-01 00:00:01.490687625,0,36
13974890,MeetNotes Beta Version-Free Signup and Trial,Meetnotes,1,story,1970-01-01 00:00:01.490688067,0,44
13974938,US Senate Is Threatening the Privacy of Americans,marcolanger,1,story,1970-01-01 00:00:01.490688839,0,49
13974970,L Marks and the British logistics giant Wincanton are launching W² Labs,EU-Startups2014,1,story,1970-01-01 00:00:01.490689267,0,71
13974982,4 tips we noticed from speaking with business representatives at the 4YFN 2017,viktor_f,1,story,1970-01-01 00:00:01.490689425,0,78
13974988,Thiết+kế+căn+hộ+giống+biệt+thự+đẳng+cấp,bdsnhaviet2016,1,story,1970-01-01 00:00:01.490689549,0,39
13975016,Sell bigcommerce store product on walmart.com,cedcommerce,1,story,1970-01-01 00:00:01.490690023,0,45
13975023,My Husky New Tab,010101101000,1,story,1970-01-01 00:00:01.490690086,0,16
13975083,Which Content Management System Should I Choose? Comparison of 5 Popular CMSs,PiotrF,1,story,1970-01-01 00:00:01.490691097,0,77
13975118,This is the dishwasher with an unsecured web server we deserve,kiyanwang,2,story,1970-01-01 00:00:01.490691514,0,62
13975139,EBay Asks Users to Downgrade Security,mada360,1,story,1970-01-01 00:00:01.490691895,0,37
13975142,Object-Oriented Solutions: Avoiding Getters,andrei_bunea,1,story,1970-01-01 00:00:01.490691980,0,43
13975151,The CMEM 2017 conference for experimental and computational methods,wessexinstitute,1,story,1970-01-01 00:00:01.490692150,0,67
13975161,ESCORT VIKI – escorts| athens escorts |call girls,goldendiamond11,1,story,1970-01-01 00:00:01.490692392,0,49
13975190,Know more about popular social media platforms to market your apps,janet321,1,story,1970-01-01 00:00:01.490692885,0,66
13975198,We’ve Let Capitalism Kill the Planet,jellekralt,1,story,1970-01-01 00:00:01.490693062,0,36
13975202,Adobe’s AI and Automation Bundle for Web Design,Pankajsharma50,1,story,1970-01-01 00:00:01.490693164,0,47
13975209,"What's Happening with Drupal in March, 2017",innoppl,1,story,1970-01-01 00:00:01.490693226,0,43
13975215,Curiosity – Find amazing GitHub projects as a feed,rarescruceat,1,story,1970-01-01 00:00:01.490693302,0,50
13975228,Johniejevu68's profile,micha100,1,story,1970-01-01 00:00:01.490693501,0,22
13975229,Agile Testing: Do You Still Need QA?,BekesGergo,1,story,1970-01-01 00:00:01.490693510,0,36
13975243,Criminal Lawyers Monmouth County NJ,lawofficespjr,1,story,1970-01-01 00:00:01.490693730,0,35
13975247,RankScience (YC W17) hiring front end developer/designer hybrids (remote welcome),dillonforrest,1,job,1970-01-01 00:00:01.490693792,0,81
13975269,The importance of documenting things,albert-helmuth,1,story,1970-01-01 00:00:01.490694140,0,36
13975271,Sale: Best color picker for macOS goes free for today,quotleapp,1,story,1970-01-01 00:00:01.490694180,0,53
13975276,How Do You Use MongoDB with Python?,vladimirsid,1,story,1970-01-01 00:00:01.490694241,0,35
13975281,Machine Learning A-Z: Hands-On Python and R in Data Science,vasira,1,story,1970-01-01 00:00:01.490694268,0,59
13975283,Dishwasher has directory traversal bug,mada360,1,story,1970-01-01 00:00:01.490694306,0,38
13975293,CSS is not broken,tomhazledine,1,story,1970-01-01 00:00:01.490694454,0,17
13975296,Saftkur Detox,safktur,1,story,1970-01-01 00:00:01.490694496,0,13
13975299,How to Be Confident as a Plus Size Single – Plus Size Dating Site,joysmith,1,story,1970-01-01 00:00:01.490694584,0,65
